epoch,step,train_loss_epoch,train_loss_step
0,8,15.425997734069824,
1,17,15.359539985656738,
2,26,15.568498611450195,
3,35,15.339195251464844,
4,44,15.262678146362305,
5,49,,15.226654052734375
5,53,15.192277908325195,
6,62,15.441174507141113,
7,71,15.3225736618042,
8,80,15.372496604919434,
9,89,15.419245719909668,
10,98,15.588753700256348,
11,99,,14.539726257324219
11,107,15.45024299621582,
12,116,15.175332069396973,
13,125,15.387901306152344,
14,134,15.450944900512695,
15,143,15.457072257995605,
16,149,,15.596439361572266
16,152,15.52033805847168,
17,161,15.344409942626953,
18,170,15.35055160522461,
19,179,15.117429733276367,
20,188,15.538983345031738,
21,197,15.570089340209961,
22,199,,15.217921257019043
22,206,15.415644645690918,
23,215,15.36369514465332,
24,224,15.518218040466309,
25,233,15.194087028503418,
26,242,15.193113327026367,
27,249,,13.495351791381836
27,251,15.379088401794434,
28,260,15.373068809509277,
29,269,15.463788032531738,
30,278,15.510958671569824,
31,287,15.39327621459961,
32,296,15.615793228149414,
33,299,,14.769923210144043
33,305,15.470210075378418,
34,314,15.369070053100586,
35,323,15.253079414367676,
36,332,15.423587799072266,
37,341,15.4398193359375,
38,349,,15.376237869262695
38,350,15.228290557861328,
39,359,15.367775917053223,
40,368,15.52214241027832,
41,377,15.25698184967041,
42,386,15.32731819152832,
43,395,15.412124633789062,
44,399,,16.01912498474121
44,404,15.478014945983887,
45,413,15.414505958557129,
46,422,15.251347541809082,
47,431,15.33873176574707,
48,440,15.315204620361328,
49,449,,14.209799766540527
49,449,15.64232063293457,
50,458,15.329071998596191,
51,467,15.255722045898438,
52,476,15.146886825561523,
53,485,15.618037223815918,
54,494,15.428261756896973,
55,499,,15.88453197479248
55,503,15.15540599822998,
56,512,15.45699691772461,
57,521,15.402624130249023,
58,530,15.308392524719238,
59,539,15.265109062194824,
60,548,15.28354549407959,
61,549,,13.893210411071777
61,557,15.387699127197266,
62,566,15.522184371948242,
63,575,15.341156959533691,
64,584,15.427001953125,
65,593,15.378132820129395,
66,599,,14.733681678771973
66,602,15.236343383789062,
67,611,15.260271072387695,
68,620,15.437833786010742,
69,629,15.497546195983887,
70,638,15.410578727722168,
71,647,15.415895462036133,
72,649,,15.408553123474121
72,656,15.384928703308105,
73,665,15.460680961608887,
74,674,15.359869956970215,
75,683,15.461434364318848,
76,692,15.5719633102417,
77,699,,17.875764846801758
77,701,15.244039535522461,
78,710,15.40053653717041,
79,719,15.526310920715332,
80,728,15.436358451843262,
81,737,15.396719932556152,
82,746,15.289711952209473,
83,749,,14.155405044555664
83,755,15.455204963684082,
84,764,15.381237983703613,
85,773,15.443304061889648,
86,782,15.422280311584473,
87,791,15.1931734085083,
88,799,,18.281566619873047
88,800,15.569661140441895,
89,809,15.339961051940918,
90,818,15.421789169311523,
91,827,15.46406364440918,
92,836,15.319727897644043,
93,845,15.467900276184082,
94,849,,17.699787139892578
94,854,15.43777847290039,
95,863,15.420373916625977,
96,872,15.266257286071777,
97,881,15.299697875976562,
98,890,15.360246658325195,
99,899,,14.859604835510254
99,899,15.229792594909668,
100,908,15.275861740112305,
101,917,15.19053840637207,
102,926,15.45273494720459,
103,935,15.16905403137207,
104,944,15.381674766540527,
105,949,,15.384003639221191
105,953,15.32387638092041,
106,962,15.499167442321777,
107,971,15.594064712524414,
108,980,15.297393798828125,
109,989,15.224343299865723,
110,998,15.51698112487793,
111,999,,15.887962341308594
111,1007,14.965079307556152,
112,1016,15.57606029510498,
113,1025,15.533390998840332,
114,1034,15.295005798339844,
115,1043,15.566208839416504,
116,1049,,17.400733947753906
116,1052,15.31874942779541,
117,1061,15.59375,
118,1070,15.338973999023438,
119,1079,15.207468032836914,
120,1088,15.340383529663086,
121,1097,15.328547477722168,
122,1099,,14.138937950134277
122,1106,15.417427062988281,
123,1115,15.473122596740723,
124,1124,15.357365608215332,
125,1133,15.328207969665527,
126,1142,15.328850746154785,
127,1149,,13.788878440856934
127,1151,15.427494049072266,
128,1160,15.517743110656738,
129,1169,15.33425235748291,
130,1178,15.368511199951172,
131,1187,15.251327514648438,
132,1196,15.436714172363281,
133,1199,,15.344342231750488
133,1205,15.246138572692871,
134,1214,15.469355583190918,
135,1223,15.158770561218262,
136,1232,15.445365905761719,
137,1241,15.406599044799805,
138,1249,,15.74212646484375
138,1250,15.432811737060547,
139,1259,15.471707344055176,
140,1268,15.421682357788086,
141,1277,15.35622501373291,
142,1286,15.340353965759277,
143,1295,15.552062034606934,
144,1299,,16.593257904052734
144,1304,15.400495529174805,
145,1313,15.284420013427734,
146,1322,15.398574829101562,
147,1331,15.641436576843262,
148,1340,15.376580238342285,
149,1349,,14.576985359191895
149,1349,15.249239921569824,
150,1358,15.563923835754395,
151,1367,15.191635131835938,
152,1376,15.388582229614258,
153,1385,15.36722183227539,
154,1394,15.451264381408691,
155,1399,,13.416044235229492
155,1403,15.274469375610352,
156,1412,15.18492603302002,
157,1421,15.242720603942871,
158,1430,15.197402954101562,
159,1439,15.485105514526367,
160,1448,15.343574523925781,
161,1449,,14.01501178741455
161,1457,15.274532318115234,
162,1466,15.426920890808105,
163,1475,15.287614822387695,
164,1484,15.549286842346191,
165,1493,15.427746772766113,
166,1499,,14.144039154052734
166,1502,15.480229377746582,
167,1511,15.514901161193848,
168,1520,15.43944263458252,
169,1529,15.443320274353027,
170,1538,15.556130409240723,
171,1547,15.546319961547852,
172,1549,,15.757808685302734
172,1556,15.217768669128418,
173,1565,15.351305961608887,
174,1574,15.339494705200195,
175,1583,15.426487922668457,
176,1592,15.658693313598633,
177,1599,,15.537725448608398
177,1601,15.530560493469238,
178,1610,15.564956665039062,
179,1619,15.464783668518066,
180,1628,15.446565628051758,
181,1637,15.463786125183105,
182,1646,15.488570213317871,
183,1649,,15.9697847366333
183,1655,15.537246704101562,
184,1664,15.313020706176758,
185,1673,15.295205116271973,
186,1682,15.544395446777344,
187,1691,15.4447660446167,
188,1699,,17.51946258544922
188,1700,15.404341697692871,
189,1709,15.500128746032715,
190,1718,15.627724647521973,
191,1727,15.291715621948242,
192,1736,15.585566520690918,
193,1745,15.150423049926758,
194,1749,,16.399160385131836
194,1754,15.476166725158691,
195,1763,15.3720121383667,
196,1772,15.398416519165039,
197,1781,15.40865707397461,
198,1790,15.35886287689209,
199,1799,,13.828709602355957
199,1799,15.266959190368652,
200,1808,15.374800682067871,
201,1817,15.611039161682129,
202,1826,15.249432563781738,
203,1835,15.622211456298828,
204,1844,15.495515823364258,
205,1849,,15.06936264038086
205,1853,15.507415771484375,
206,1862,15.250696182250977,
207,1871,15.569256782531738,
208,1880,15.500995635986328,
209,1889,15.16063404083252,
210,1898,15.123457908630371,
211,1899,,17.29351806640625
211,1907,15.402861595153809,
212,1916,15.39785099029541,
213,1925,15.487039566040039,
214,1934,15.388056755065918,
215,1943,15.67232894897461,
216,1949,,15.510907173156738
216,1952,15.37129020690918,
217,1961,15.289944648742676,
218,1970,15.29627513885498,
219,1979,15.630574226379395,
220,1988,15.446301460266113,
221,1997,15.340293884277344,
222,1999,,14.65838623046875
222,2006,15.353759765625,
223,2015,15.455039024353027,
224,2024,15.733403205871582,
225,2033,15.216726303100586,
226,2042,15.63762092590332,
227,2049,,16.270965576171875
227,2051,15.637489318847656,
228,2060,15.2570219039917,
229,2069,15.54123592376709,
230,2078,15.451809883117676,
231,2087,15.37037467956543,
232,2096,15.249974250793457,
233,2099,,15.960399627685547
233,2105,15.108592987060547,
234,2114,15.298460006713867,
235,2123,15.448775291442871,
236,2132,15.22971248626709,
237,2141,15.631940841674805,
238,2149,,13.293047904968262
238,2150,15.31175708770752,
239,2159,15.409396171569824,
240,2168,15.526973724365234,
241,2177,15.339890480041504,
242,2186,15.242568969726562,
243,2195,15.3189697265625,
244,2199,,13.48648452758789
244,2204,15.177567481994629,
245,2213,15.401559829711914,
246,2222,15.289239883422852,
247,2231,15.411154747009277,
248,2240,15.414328575134277,
249,2249,,13.23036003112793
249,2249,15.479339599609375,
250,2258,15.38432502746582,
251,2267,15.400394439697266,
252,2276,15.45934009552002,
253,2285,15.307563781738281,
254,2294,15.495763778686523,
255,2299,,14.057738304138184
255,2303,15.408486366271973,
256,2312,15.6663236618042,
257,2321,15.386093139648438,
258,2330,15.491782188415527,
259,2339,15.362829208374023,
260,2348,15.442033767700195,
261,2349,,15.441255569458008
261,2357,15.292054176330566,
262,2366,15.207365036010742,
263,2375,15.479147911071777,
264,2384,15.555999755859375,
265,2393,15.259328842163086,
266,2399,,15.00937557220459
266,2402,15.348973274230957,
267,2411,15.582619667053223,
268,2420,15.480379104614258,
269,2429,15.303177833557129,
270,2438,15.408794403076172,
271,2447,15.4241943359375,
272,2449,,15.670404434204102
272,2456,15.465933799743652,
273,2465,15.220747947692871,
274,2474,15.41761589050293,
275,2483,15.410749435424805,
276,2492,15.273955345153809,
277,2499,,17.18269920349121
277,2501,15.474748611450195,
278,2510,15.290441513061523,
279,2519,15.333234786987305,
280,2528,15.233220100402832,
281,2537,15.182482719421387,
282,2546,15.2391939163208,
283,2549,,15.08930492401123
283,2555,15.453869819641113,
284,2564,15.438536643981934,
285,2573,15.405479431152344,
286,2582,15.398232460021973,
287,2591,15.426032066345215,
288,2599,,15.193229675292969
288,2600,15.522756576538086,
289,2609,15.398776054382324,
290,2618,15.4916353225708,
291,2627,15.280622482299805,
292,2636,15.200838088989258,
293,2645,15.368975639343262,
294,2649,,15.110404014587402
294,2654,15.533590316772461,
295,2663,15.042677879333496,
296,2672,15.435420989990234,
297,2681,15.302616119384766,
298,2690,15.238825798034668,
299,2699,,15.400956153869629
299,2699,15.295860290527344,
300,2708,15.465768814086914,
301,2717,15.044581413269043,
302,2726,15.390515327453613,
303,2735,15.472305297851562,
304,2744,15.39585018157959,
305,2749,,15.576983451843262
305,2753,15.385930061340332,
306,2762,15.410321235656738,
307,2771,15.435897827148438,
308,2780,15.433304786682129,
309,2789,15.460928916931152,
310,2798,15.429539680480957,
311,2799,,13.400171279907227
311,2807,15.391369819641113,
312,2816,15.266866683959961,
313,2825,15.55089282989502,
314,2834,15.485396385192871,
315,2843,15.34706974029541,
316,2849,,16.310155868530273
316,2852,15.457921981811523,
317,2861,15.409355163574219,
318,2870,15.309365272521973,
319,2879,15.502561569213867,
320,2888,15.35452651977539,
321,2897,15.274565696716309,
322,2899,,16.97526741027832
322,2906,15.29566764831543,
323,2915,15.343904495239258,
324,2924,15.61726188659668,
325,2933,15.542354583740234,
326,2942,15.296359062194824,
327,2949,,15.954366683959961
327,2951,15.284881591796875,
328,2960,15.355805397033691,
329,2969,15.51030158996582,
330,2978,15.395057678222656,
331,2987,15.389854431152344,
332,2996,15.4091157913208,
333,2999,,15.551392555236816
333,3005,15.47946834564209,
334,3014,15.33499526977539,
335,3023,15.573501586914062,
336,3032,15.291203498840332,
337,3041,15.537745475769043,
338,3049,,17.478906631469727
338,3050,15.298470497131348,
339,3059,15.353371620178223,
340,3068,15.349164009094238,
341,3077,15.18129825592041,
342,3086,15.352898597717285,
343,3095,15.590392112731934,
344,3099,,15.754984855651855
344,3104,15.206697463989258,
345,3113,15.357972145080566,
346,3122,15.289738655090332,
347,3131,15.237435340881348,
348,3140,15.392268180847168,
349,3149,,14.468358993530273
349,3149,15.28956127166748,
350,3158,15.176295280456543,
351,3167,15.222625732421875,
352,3176,15.44704532623291,
353,3185,15.304646492004395,
354,3194,15.545153617858887,
355,3199,,14.812222480773926
355,3203,15.366455078125,
356,3212,15.472807884216309,
357,3221,15.279624938964844,
358,3230,15.351119041442871,
359,3239,15.688995361328125,
360,3248,15.188407897949219,
361,3249,,14.90381908416748
361,3257,15.647249221801758,
362,3266,15.554469108581543,
363,3275,15.419750213623047,
364,3284,15.506135940551758,
365,3293,15.38565444946289,
366,3299,,15.349100112915039
366,3302,15.285331726074219,
367,3311,15.375252723693848,
368,3320,15.443926811218262,
369,3329,15.390597343444824,
370,3338,15.418924331665039,
371,3347,15.530271530151367,
372,3349,,15.496926307678223
372,3356,15.29680061340332,
373,3365,15.322905540466309,
374,3374,15.353811264038086,
375,3383,15.44229507446289,
376,3392,15.452075958251953,
377,3399,,16.77863311767578
377,3401,15.288884162902832,
378,3410,15.35631275177002,
379,3419,15.423396110534668,
380,3428,15.179259300231934,
381,3437,15.298290252685547,
382,3446,15.455602645874023,
383,3449,,15.434812545776367
383,3455,15.490067481994629,
384,3464,15.547438621520996,
385,3473,15.339434623718262,
386,3482,15.322649002075195,
387,3491,15.384184837341309,
388,3499,,14.237325668334961
388,3500,15.317523956298828,
389,3509,15.347291946411133,
390,3518,15.42396354675293,
391,3527,15.44420337677002,
392,3536,15.321599006652832,
393,3545,15.309775352478027,
394,3549,,15.926678657531738
394,3554,15.384686470031738,
395,3563,15.383502006530762,
396,3572,15.50869083404541,
397,3581,15.396795272827148,
398,3590,15.311698913574219,
399,3599,,15.533674240112305
399,3599,15.118084907531738,
400,3608,15.360974311828613,
401,3617,15.203022003173828,
402,3626,15.38432502746582,
403,3635,15.229449272155762,
404,3644,15.389691352844238,
405,3649,,15.09477424621582
405,3653,15.277789115905762,
406,3662,15.228611946105957,
407,3671,15.481952667236328,
408,3680,15.438529968261719,
409,3689,15.445462226867676,
410,3698,15.475926399230957,
411,3699,,16.252994537353516
411,3707,15.163990020751953,
412,3716,15.440778732299805,
413,3725,15.504734992980957,
414,3734,15.363037109375,
415,3743,15.262798309326172,
416,3749,,17.370405197143555
416,3752,15.49915599822998,
417,3761,15.386116981506348,
418,3770,15.5263671875,
419,3779,15.572958946228027,
420,3788,15.655778884887695,
421,3797,15.06962776184082,
422,3799,,16.4084529876709
422,3806,15.61196231842041,
423,3815,15.531767845153809,
424,3824,15.503777503967285,
425,3833,15.477745056152344,
426,3842,15.275944709777832,
427,3849,,14.174909591674805
427,3851,15.359333992004395,
428,3860,15.37210464477539,
429,3869,15.414251327514648,
430,3878,15.111610412597656,
431,3887,15.256013870239258,
432,3896,15.427755355834961,
433,3899,,15.058892250061035
433,3905,15.305903434753418,
434,3914,15.360968589782715,
435,3923,15.405842781066895,
436,3932,15.437663078308105,
437,3941,15.158543586730957,
438,3949,,16.56524658203125
438,3950,15.391770362854004,
439,3959,15.42422866821289,
440,3968,15.15831470489502,
441,3977,15.482150077819824,
442,3986,15.555449485778809,
443,3995,15.3447265625,
444,3999,,16.694921493530273
444,4004,15.339240074157715,
445,4013,15.463155746459961,
446,4022,15.431807518005371,
447,4031,15.337940216064453,
448,4040,15.3917236328125,
449,4049,,15.30732250213623
449,4049,15.326027870178223,
450,4058,15.502511978149414,
451,4067,15.381047248840332,
452,4076,15.173395156860352,
453,4085,15.442089080810547,
454,4094,15.438044548034668,
455,4099,,13.226749420166016
455,4103,15.414863586425781,
456,4112,15.46674919128418,
457,4121,15.417150497436523,
458,4130,15.497586250305176,
459,4139,15.34837818145752,
460,4148,15.41572380065918,
461,4149,,16.304065704345703
461,4157,15.58263111114502,
462,4166,15.493592262268066,
463,4175,15.381868362426758,
464,4184,15.493952751159668,
465,4193,15.469943046569824,
466,4199,,14.46916389465332
466,4202,15.40843391418457,
467,4211,15.178389549255371,
468,4220,15.314129829406738,
469,4229,15.524226188659668,
470,4238,15.494876861572266,
471,4247,15.460289001464844,
472,4249,,15.797632217407227
472,4256,15.398947715759277,
473,4265,15.503666877746582,
474,4274,15.282121658325195,
475,4283,15.39608383178711,
476,4292,15.349000930786133,
477,4299,,15.815027236938477
477,4301,15.463590621948242,
478,4310,15.373614311218262,
479,4319,15.461114883422852,
480,4328,15.56312084197998,
481,4337,15.391483306884766,
482,4346,15.355978012084961,
483,4349,,13.155369758605957
483,4355,15.272319793701172,
484,4364,15.592961311340332,
485,4373,15.204593658447266,
486,4382,15.166763305664062,
487,4391,15.42988395690918,
488,4399,,14.634251594543457
488,4400,15.262707710266113,
489,4409,15.549567222595215,
490,4418,15.545074462890625,
491,4427,15.438758850097656,
492,4436,15.289796829223633,
493,4445,15.380154609680176,
494,4449,,15.809535026550293
494,4454,15.251437187194824,
495,4463,15.584342002868652,
496,4472,15.364326477050781,
497,4481,15.400343894958496,
498,4490,15.324700355529785,
499,4499,,13.793540000915527
499,4499,15.528421401977539,
500,4508,15.4915132522583,
501,4517,15.365450859069824,
502,4526,15.405904769897461,
503,4535,15.319363594055176,
504,4544,15.436120986938477,
505,4549,,15.651219367980957
505,4553,15.575162887573242,
506,4562,15.434231758117676,
507,4571,15.23488712310791,
508,4580,15.080414772033691,
509,4589,15.47730541229248,
510,4598,15.284012794494629,
511,4599,,14.838294982910156
511,4607,15.208697319030762,
512,4616,15.501139640808105,
513,4625,15.367754936218262,
514,4634,15.413126945495605,
515,4643,15.38465404510498,
516,4649,,15.95771312713623
516,4652,15.425487518310547,
517,4661,15.47231388092041,
518,4670,15.180353164672852,
519,4679,15.557141304016113,
520,4688,15.422148704528809,
521,4697,15.32282829284668,
522,4699,,14.989872932434082
522,4706,15.331668853759766,
523,4715,15.263264656066895,
524,4724,15.47817325592041,
525,4733,15.5528564453125,
526,4742,15.523344993591309,
527,4749,,14.527961730957031
527,4751,15.240767478942871,
528,4760,15.34043025970459,
529,4769,15.526754379272461,
530,4778,15.336952209472656,
531,4787,15.1561918258667,
532,4796,15.381908416748047,
533,4799,,15.824016571044922
533,4805,15.387556076049805,
534,4814,15.344822883605957,
535,4823,15.481888771057129,
536,4832,15.418684005737305,
537,4841,15.457918167114258,
538,4849,,16.29862403869629
538,4850,15.457961082458496,
539,4859,15.22806167602539,
540,4868,15.59090805053711,
541,4877,15.50654411315918,
542,4886,15.437986373901367,
543,4895,15.41049861907959,
544,4899,,13.641636848449707
544,4904,15.420476913452148,
545,4913,15.545394897460938,
546,4922,15.538115501403809,
547,4931,15.464578628540039,
548,4940,15.34553337097168,
549,4949,,14.399916648864746
549,4949,15.289591789245605,
550,4958,15.179777145385742,
551,4967,15.321316719055176,
552,4976,15.25825309753418,
553,4985,15.560694694519043,
554,4994,15.23890495300293,
555,4999,,14.849359512329102
555,5003,15.319329261779785,
556,5012,15.359087944030762,
557,5021,15.222390174865723,
558,5030,15.264603614807129,
559,5039,15.33395004272461,
560,5048,15.427659034729004,
561,5049,,15.693106651306152
561,5057,15.336738586425781,
562,5066,15.523454666137695,
563,5075,15.177093505859375,
564,5084,15.30357551574707,
565,5093,15.515389442443848,
566,5099,,16.523225784301758
566,5102,15.068363189697266,
567,5111,15.285162925720215,
568,5120,15.284750938415527,
569,5129,15.320404052734375,
570,5138,15.478202819824219,
571,5147,15.322587013244629,
572,5149,,15.75767707824707
572,5156,15.234708786010742,
573,5165,15.420628547668457,
574,5174,15.405710220336914,
575,5183,15.439238548278809,
576,5192,15.4115571975708,
577,5199,,15.843931198120117
577,5201,15.376916885375977,
578,5210,15.19894027709961,
579,5219,15.48078727722168,
580,5228,15.219827651977539,
581,5237,15.298547744750977,
582,5246,15.44017505645752,
583,5249,,14.414141654968262
583,5255,15.500201225280762,
584,5264,15.081138610839844,
585,5273,15.451966285705566,
586,5282,15.412659645080566,
587,5291,15.377724647521973,
588,5299,,15.03342056274414
588,5300,15.4511079788208,
589,5309,15.3157320022583,
590,5318,15.253152847290039,
591,5327,15.434654235839844,
592,5336,15.570001602172852,
593,5345,15.321316719055176,
594,5349,,16.781421661376953
594,5354,15.4730863571167,
595,5363,15.268509864807129,
596,5372,15.400067329406738,
597,5381,15.307514190673828,
598,5390,15.33604621887207,
599,5399,,13.441844940185547
599,5399,15.387603759765625,
600,5408,15.345388412475586,
601,5417,15.492889404296875,
602,5426,15.320869445800781,
603,5435,15.120226860046387,
604,5444,15.356400489807129,
605,5449,,14.63650894165039
605,5453,15.22630786895752,
606,5462,15.528568267822266,
607,5471,15.374809265136719,
608,5480,15.38918399810791,
609,5489,15.310799598693848,
610,5498,15.454570770263672,
611,5499,,15.309273719787598
611,5507,15.550217628479004,
612,5516,15.314984321594238,
613,5525,15.573450088500977,
614,5534,15.5027494430542,
615,5543,15.513256072998047,
616,5549,,14.044594764709473
616,5552,15.607937812805176,
617,5561,15.070548057556152,
618,5570,15.538355827331543,
619,5579,15.273908615112305,
620,5588,15.703869819641113,
621,5597,15.45100212097168,
622,5599,,13.633123397827148
622,5606,15.331339836120605,
623,5615,15.202632904052734,
624,5624,15.252646446228027,
625,5633,15.311298370361328,
626,5642,15.420525550842285,
627,5649,,16.564788818359375
627,5651,15.313018798828125,
628,5660,15.5136137008667,
629,5669,15.311135292053223,
630,5678,15.286772727966309,
631,5687,15.044690132141113,
632,5696,15.46586799621582,
633,5699,,15.459077835083008
633,5705,15.312827110290527,
634,5714,15.350845336914062,
635,5723,15.45765495300293,
636,5732,15.441954612731934,
637,5741,15.32064437866211,
638,5749,,17.12932014465332
638,5750,15.235674858093262,
639,5759,15.332335472106934,
640,5768,15.273955345153809,
641,5777,15.530783653259277,
642,5786,15.277752876281738,
643,5795,15.50399398803711,
644,5799,,14.98570442199707
644,5804,15.390532493591309,
645,5813,15.319905281066895,
646,5822,15.546866416931152,
647,5831,15.505599975585938,
648,5840,15.309049606323242,
649,5849,,14.795022010803223
649,5849,15.625517845153809,
650,5858,15.256612777709961,
651,5867,15.128927230834961,
652,5876,15.386971473693848,
653,5885,15.245348930358887,
654,5894,15.475442886352539,
655,5899,,15.210895538330078
655,5903,15.392860412597656,
656,5912,15.32286262512207,
657,5921,15.390764236450195,
658,5930,15.377833366394043,
659,5939,15.2286958694458,
660,5948,15.235848426818848,
661,5949,,15.597735404968262
661,5957,15.64334487915039,
662,5966,15.364744186401367,
663,5975,15.233559608459473,
664,5984,15.438031196594238,
665,5993,15.181221008300781,
666,5999,,14.884291648864746
666,6002,15.443629264831543,
667,6011,15.409334182739258,
668,6020,15.52981948852539,
669,6029,15.497693061828613,
670,6038,15.325556755065918,
671,6047,15.442352294921875,
672,6049,,14.85842514038086
672,6056,15.484884262084961,
673,6065,15.532278060913086,
674,6074,15.467618942260742,
675,6083,15.349564552307129,
676,6092,15.441201210021973,
677,6099,,16.66839599609375
677,6101,15.361602783203125,
678,6110,15.365009307861328,
679,6119,15.358199119567871,
680,6128,15.260907173156738,
681,6137,15.439519882202148,
682,6146,15.19492244720459,
683,6149,,15.028478622436523
683,6155,15.340335845947266,
684,6164,15.300932884216309,
685,6173,15.50269889831543,
686,6182,15.300802230834961,
687,6191,15.285259246826172,
688,6199,,16.9531192779541
688,6200,15.336709022521973,
689,6209,15.238103866577148,
690,6218,15.4267578125,
691,6227,15.47559928894043,
692,6236,15.14439582824707,
693,6245,15.415446281433105,
694,6249,,14.135951042175293
694,6254,15.282205581665039,
695,6263,15.48747444152832,
696,6272,15.438693046569824,
697,6281,15.3743896484375,
698,6290,15.243684768676758,
699,6299,,16.94829559326172
699,6299,15.242708206176758,
700,6308,15.236656188964844,
701,6317,15.511549949645996,
702,6326,15.40053653717041,
703,6335,15.413745880126953,
704,6344,15.450927734375,
705,6349,,15.445671081542969
705,6353,15.494240760803223,
706,6362,15.544825553894043,
707,6371,15.415287971496582,
708,6380,15.411531448364258,
709,6389,15.2557954788208,
710,6398,15.538137435913086,
711,6399,,16.19334602355957
711,6407,15.399985313415527,
712,6416,15.4994478225708,
713,6425,15.444181442260742,
714,6434,15.400446891784668,
715,6443,15.346285820007324,
716,6449,,18.10731315612793
716,6452,15.55251407623291,
717,6461,15.480429649353027,
718,6470,15.334284782409668,
719,6479,15.6054105758667,
720,6488,15.533839225769043,
721,6497,15.5202054977417,
722,6499,,15.826173782348633
722,6506,15.465903282165527,
723,6515,15.359137535095215,
724,6524,15.505861282348633,
725,6533,15.363103866577148,
726,6542,15.381925582885742,
727,6549,,16.59345817565918
727,6551,15.520363807678223,
728,6560,15.328730583190918,
729,6569,15.373029708862305,
730,6578,15.421099662780762,
731,6587,15.407109260559082,
732,6596,15.0882568359375,
733,6599,,14.87681770324707
733,6605,15.331197738647461,
734,6614,15.51937484741211,
735,6623,15.432291984558105,
736,6632,15.146539688110352,
737,6641,15.2724609375,
738,6649,,17.201387405395508
738,6650,15.41713809967041,
739,6659,15.349832534790039,
740,6668,15.413981437683105,
741,6677,15.240760803222656,
742,6686,15.400463104248047,
743,6695,15.351641654968262,
744,6699,,15.475420951843262
744,6704,15.332697868347168,
745,6713,15.362086296081543,
746,6722,15.269306182861328,
747,6731,15.314583778381348,
748,6740,15.51877498626709,
749,6749,,14.796920776367188
749,6749,15.574808120727539,
750,6758,15.435507774353027,
751,6767,15.37455940246582,
752,6776,15.524656295776367,
753,6785,15.484644889831543,
754,6794,15.48277759552002,
755,6799,,15.902266502380371
755,6803,15.515280723571777,
756,6812,15.429560661315918,
757,6821,15.311765670776367,
758,6830,15.500388145446777,
759,6839,15.436439514160156,
760,6848,15.450122833251953,
761,6849,,16.055830001831055
761,6857,15.308756828308105,
762,6866,15.376182556152344,
763,6875,15.27878475189209,
764,6884,15.248275756835938,
765,6893,15.372197151184082,
766,6899,,14.863033294677734
766,6902,15.30164909362793,
767,6911,15.273225784301758,
768,6920,15.337590217590332,
769,6929,15.28223991394043,
770,6938,15.238409996032715,
771,6947,15.675952911376953,
772,6949,,15.878033638000488
772,6956,15.288689613342285,
773,6965,15.34544563293457,
774,6974,15.612923622131348,
775,6983,15.18723201751709,
776,6992,15.123284339904785,
777,6999,,13.87592887878418
777,7001,15.213834762573242,
778,7010,15.443171501159668,
779,7019,15.317986488342285,
780,7028,15.402438163757324,
781,7037,15.420825958251953,
782,7046,15.306148529052734,
783,7049,,17.667890548706055
783,7055,15.384425163269043,
784,7064,15.593762397766113,
785,7073,15.311788558959961,
786,7082,15.574719429016113,
787,7091,15.339678764343262,
788,7099,,16.551433563232422
788,7100,15.165692329406738,
789,7109,15.444846153259277,
790,7118,15.274025917053223,
791,7127,15.155766487121582,
792,7136,15.529802322387695,
793,7145,15.454833984375,
794,7149,,14.672013282775879
794,7154,15.167887687683105,
795,7163,15.427512168884277,
796,7172,15.482492446899414,
797,7181,15.211307525634766,
798,7190,15.372040748596191,
799,7199,,18.193134307861328
799,7199,15.426824569702148,
800,7208,15.247780799865723,
801,7217,15.487212181091309,
802,7226,15.410012245178223,
803,7235,15.493568420410156,
804,7244,15.431119918823242,
805,7249,,15.882689476013184
805,7253,15.459151268005371,
806,7262,15.462278366088867,
807,7271,15.396223068237305,
808,7280,15.27125358581543,
809,7289,15.305878639221191,
810,7298,15.428535461425781,
811,7299,,14.700960159301758
811,7307,15.316096305847168,
812,7316,15.270066261291504,
813,7325,15.488821029663086,
814,7334,15.259105682373047,
815,7343,15.204724311828613,
816,7349,,15.201495170593262
816,7352,15.302584648132324,
817,7361,15.467443466186523,
818,7370,15.615777969360352,
819,7379,15.41172981262207,
820,7388,15.485028266906738,
821,7397,15.263466835021973,
822,7399,,16.112770080566406
822,7406,15.331059455871582,
823,7415,15.46144962310791,
824,7424,15.436956405639648,
825,7433,15.403889656066895,
826,7442,15.629240036010742,
827,7449,,13.980982780456543
827,7451,15.541180610656738,
828,7460,15.055276870727539,
829,7469,15.471885681152344,
830,7478,15.228625297546387,
831,7487,15.325291633605957,
832,7496,15.460760116577148,
833,7499,,15.30703067779541
833,7505,15.406057357788086,
834,7514,15.352810859680176,
835,7523,15.396062850952148,
836,7532,15.654234886169434,
837,7541,15.466659545898438,
838,7549,,16.292461395263672
838,7550,15.368492126464844,
839,7559,15.59395980834961,
840,7568,15.282369613647461,
841,7577,15.421483039855957,
842,7586,15.473020553588867,
843,7595,15.33108901977539,
844,7599,,16.99420928955078
844,7604,15.359627723693848,
845,7613,15.321029663085938,
846,7622,15.511431694030762,
847,7631,15.255300521850586,
848,7640,15.449990272521973,
849,7649,,15.676440238952637
849,7649,15.473052024841309,
850,7658,15.408971786499023,
851,7667,15.449179649353027,
852,7676,15.17970085144043,
853,7685,15.239947319030762,
854,7694,15.191376686096191,
855,7699,,17.120506286621094
855,7703,15.272180557250977,
856,7712,15.300671577453613,
857,7721,15.294645309448242,
858,7730,15.370862007141113,
859,7739,15.52467155456543,
860,7748,15.387346267700195,
861,7749,,16.310142517089844
861,7757,15.554312705993652,
862,7766,15.330954551696777,
863,7775,15.316679954528809,
864,7784,15.353440284729004,
865,7793,15.292272567749023,
866,7799,,13.743668556213379
866,7802,15.435649871826172,
867,7811,15.274247169494629,
868,7820,15.396183967590332,
869,7829,15.338153839111328,
870,7838,15.528543472290039,
871,7847,15.31125545501709,
872,7849,,15.772544860839844
872,7856,15.3114013671875,
873,7865,15.475729942321777,
874,7874,15.507257461547852,
875,7883,15.569421768188477,
876,7892,15.354965209960938,
877,7899,,15.281715393066406
877,7901,15.466833114624023,
878,7910,15.379887580871582,
879,7919,15.377635955810547,
880,7928,15.410721778869629,
881,7937,15.54161262512207,
882,7946,15.277013778686523,
883,7949,,15.162912368774414
883,7955,15.387744903564453,
884,7964,15.329144477844238,
885,7973,15.318594932556152,
886,7982,15.307522773742676,
887,7991,15.441755294799805,
888,7999,,14.876909255981445
888,8000,15.454050064086914,
889,8009,15.360363960266113,
890,8018,15.345685958862305,
891,8027,15.269957542419434,
892,8036,15.394038200378418,
893,8045,15.383135795593262,
894,8049,,13.460824966430664
894,8054,15.287076950073242,
895,8063,15.539036750793457,
896,8072,15.453163146972656,
897,8081,15.277106285095215,
898,8090,15.575122833251953,
899,8099,,16.331846237182617
899,8099,15.203932762145996,
900,8108,15.370466232299805,
901,8117,15.338308334350586,
902,8126,15.219690322875977,
903,8135,15.326621055603027,
904,8144,15.593938827514648,
905,8149,,15.657309532165527
905,8153,15.310150146484375,
906,8162,15.334794044494629,
907,8171,15.262121200561523,
908,8180,15.393263816833496,
909,8189,15.497424125671387,
910,8198,15.285811424255371,
911,8199,,14.829510688781738
911,8207,15.526900291442871,
912,8216,15.408087730407715,
913,8225,15.105865478515625,
914,8234,15.612602233886719,
915,8243,15.34279727935791,
916,8249,,14.928506851196289
916,8252,15.22091293334961,
917,8261,15.609314918518066,
918,8270,15.492581367492676,
919,8279,15.656219482421875,
920,8288,15.130584716796875,
